,kinase,kinase_specificity_prior_knowledge,kinase_specificity_prior_curated
1,CAMKK2,Dual,SerThr
2,CLK1,Dual,SerThr
3,CLK2,Dual,SerThr
4,CLK3,Dual,SerThr
5,CLK4,Dual,SerThr
6,DSTYK,Dual,SerThr
7,DYRK1A,Dual,SerThr
8,DYRK1B,Dual,SerThr
9,DYRK2,Dual,SerThr
10,DYRK3,Dual,SerThr
11,DYRK4,Dual,SerThr
12,EGFR,Dual,Tyr
13,HIPK1,Dual,SerThr
14,HIPK2,Dual,SerThr
15,HIPK3,Dual,SerThr
16,HIPK4,Dual,SerThr
17,MAP2K1,Dual,SerThr
18,MAP2K2,Dual,Dual
19,MAP2K3,Dual,Dual
20,MAP2K4,Dual,Dual
21,MAP2K5,Dual,SerThr
22,MAP2K6,Dual,Dual
23,MAP2K7,Dual,Dual
24,MELK,Dual,SerThr
25,NEK1,Dual,SerThr
26,PBK,Dual,SerThr
27,PRKCD,Dual,SerThr
28,PTK2B,Dual,Tyr
29,RIPK2,Dual,SerThr
30,RPS6KA5,Dual,SerThr
31,STK16,Dual,Dual
32,SYK,Dual,Tyr
33,TTBK1,Dual,SerThr
34,TTK,Dual,SerThr
35,ABL1,Tyr,Tyr
36,ABL2,Tyr,Tyr
37,ALK,Tyr,Tyr
38,AXL,Tyr,Tyr
39,BLK,Tyr,Tyr
40,BMX,Tyr,Tyr
41,BTK,Tyr,Tyr
42,CSF1R,Tyr,Tyr
43,CSK,Tyr,Tyr
44,DDR1,Tyr,Tyr
45,DDR2,Tyr,Tyr
46,EPHA1,Tyr,Tyr
47,EPHA2,Tyr,Tyr
48,EPHA3,Tyr,Tyr
49,EPHA4,Tyr,Tyr
50,EPHA5,Tyr,Tyr
51,EPHA6,Tyr,Tyr
52,EPHA7,Tyr,Tyr
53,EPHA8,Tyr,Tyr
54,EPHB1,Tyr,Tyr
55,EPHB2,Tyr,Tyr
56,EPHB3,Tyr,Tyr
57,EPHB4,Tyr,Tyr
58,ERBB2,Tyr,Tyr
59,ERBB3,Tyr,Tyr
60,ERBB4,Tyr,Tyr
61,FER,Tyr,Tyr
62,FES,Tyr,Tyr
63,FGFR1,Tyr,Tyr
64,FGFR2,Tyr,Tyr
65,FGFR3,Tyr,Tyr
66,FGFR4,Tyr,Tyr
67,FGR,Tyr,Tyr
68,FLT1,Tyr,Tyr
69,FLT3,Tyr,Tyr
70,FLT4,Tyr,Tyr
71,FRK,Tyr,Tyr
72,FYN,Tyr,Tyr
73,HCK,Tyr,Tyr
74,IGF1R,Tyr,Tyr
75,INSR,Tyr,Tyr
76,INSRR,Tyr,Tyr
77,ITK,Tyr,Tyr
78,JAK1,Tyr,Tyr
79,JAK2,Tyr,Tyr
80,JAK3,Tyr,Tyr
81,KDR,Tyr,Tyr
82,KIT,Tyr,Tyr
83,LCK,Tyr,Tyr
84,LTK,Tyr,Tyr
85,LYN,Tyr,Tyr
86,MATK,Tyr,Tyr
87,MERTK,Tyr,Tyr
88,MET,Tyr,Tyr
89,MST1R,Tyr,Tyr
90,MUSK,Tyr,Tyr
91,NTRK1,Tyr,Tyr
92,NTRK2,Tyr,Tyr
93,NTRK3,Tyr,Tyr
94,PDGFRA,Tyr,Tyr
95,PDGFRB,Tyr,Tyr
96,PTK2,Tyr,Tyr
97,PTK6,Tyr,Tyr
98,RET,Tyr,Tyr
99,ROS1,Tyr,Tyr
100,SRC,Tyr,Tyr
101,SRMS,Tyr,Tyr
102,TEC,Tyr,Tyr
103,TEK,Tyr,Tyr
104,TNK1,Tyr,Tyr
105,TXK,Tyr,Tyr
106,TYK2,Tyr,Tyr
107,TYRO3,Tyr,Tyr
108,YES1,Tyr,Tyr
109,ZAP70,Tyr,Tyr
110,AAK1,SerThr,SerThr
111,ACVR1,SerThr,SerThr
112,ACVR1B,SerThr,SerThr
113,ACVR1C,SerThr,SerThr
114,ACVR2A,SerThr,SerThr
115,ACVR2B,SerThr,SerThr
116,ACVRL1,SerThr,SerThr
117,AKT1,SerThr,SerThr
118,AKT2,SerThr,SerThr
119,AKT3,SerThr,SerThr
120,ALPK1,SerThr,SerThr
121,ALPK2,SerThr,SerThr
122,ALPK3,SerThr,SerThr
123,AMHR2,SerThr,SerThr
124,ARAF,SerThr,SerThr
125,ATM,SerThr,SerThr
126,ATR,SerThr,SerThr
127,AURKA,SerThr,SerThr
128,AURKB,SerThr,SerThr
129,AURKC,SerThr,SerThr
130,BCKDK,SerThr,SerThr
131,BMP2K,SerThr,SerThr
132,BMPR1A,SerThr,SerThr
133,BMPR1B,SerThr,SerThr
134,BMPR2,SerThr,SerThr
135,BRAF,SerThr,SerThr
136,BRSK1,SerThr,SerThr
137,BRSK2,SerThr,SerThr
138,BUB1,SerThr,SerThr
139,CAMK1,SerThr,SerThr
140,CAMK1D,SerThr,SerThr
141,CAMK1G,SerThr,SerThr
142,CAMK2A,SerThr,SerThr
143,CAMK2B,SerThr,SerThr
144,CAMK2D,SerThr,SerThr
145,CAMK2G,SerThr,SerThr
146,CAMK4,SerThr,SerThr
147,CAMKK1,SerThr,SerThr
148,CDC42BPA,SerThr,SerThr
149,CDC42BPB,SerThr,SerThr
150,CDC42BPG,SerThr,SerThr
151,CDC7,SerThr,SerThr
152,CDK1,SerThr,SerThr
153,CDK10,SerThr,SerThr
154,CDK11A,SerThr,SerThr
155,CDK12,SerThr,SerThr
156,CDK13,SerThr,SerThr
157,CDK14,SerThr,SerThr
158,CDK15,SerThr,SerThr
159,CDK16,SerThr,SerThr
160,CDK17,SerThr,SerThr
161,CDK18,SerThr,SerThr
162,CDK19,SerThr,SerThr
163,CDK2,SerThr,SerThr
164,CDK20,SerThr,SerThr
165,CDK3,SerThr,SerThr
166,CDK4,SerThr,SerThr
167,CDK5,SerThr,SerThr
168,CDK6,SerThr,SerThr
169,CDK7,SerThr,SerThr
170,CDK8,SerThr,SerThr
171,CDK9,SerThr,SerThr
172,CDKL1,SerThr,SerThr
173,CDKL5,SerThr,SerThr
174,CHEK1,SerThr,SerThr
175,CHEK2,SerThr,SerThr
176,CHUK,SerThr,SerThr
177,CILK1,SerThr,SerThr
178,CIT,SerThr,SerThr
179,CSNK1A1,SerThr,SerThr
180,CSNK1A1L,SerThr,SerThr
181,CSNK1D,SerThr,SerThr
182,CSNK1E,SerThr,SerThr
183,CSNK1G1,SerThr,SerThr
184,CSNK1G2,SerThr,SerThr
185,CSNK1G3,SerThr,SerThr
186,CSNK2A1,SerThr,SerThr
187,CSNK2A2,SerThr,SerThr
188,DAPK1,SerThr,SerThr
189,DAPK2,SerThr,SerThr
190,DAPK3,SerThr,SerThr
191,DCLK1,SerThr,SerThr
192,DCLK2,SerThr,SerThr
193,DCLK3,SerThr,SerThr
194,DMPK,SerThr,SerThr
195,EEF2K,SerThr,SerThr
196,EIF2AK1,SerThr,SerThr
197,EIF2AK2,SerThr,SerThr
198,EIF2AK3,SerThr,SerThr
199,EIF2AK4,SerThr,SerThr
200,ERN1,SerThr,SerThr
201,ERN2,SerThr,SerThr
202,FAM20C,SerThr,SerThr
203,GAK,SerThr,SerThr
204,GRK1,SerThr,SerThr
205,GRK2,SerThr,SerThr
206,GRK3,SerThr,SerThr
207,GRK4,SerThr,SerThr
208,GRK5,SerThr,SerThr
209,GRK6,SerThr,SerThr
210,GRK7,SerThr,SerThr
211,GSK3A,SerThr,SerThr
212,GSK3B,SerThr,SerThr
213,HASPIN,SerThr,SerThr
214,HUNK,SerThr,SerThr
215,IKBKB,SerThr,SerThr
216,IKBKE,SerThr,SerThr
217,ILK,SerThr,SerThr
218,IRAK1,SerThr,SerThr
219,IRAK2,SerThr,SerThr
220,IRAK3,SerThr,SerThr
221,IRAK4,SerThr,SerThr
222,KSR1,SerThr,SerThr
223,KSR2,SerThr,SerThr
224,LATS1,SerThr,SerThr
225,LATS2,SerThr,SerThr
226,LRRK1,SerThr,SerThr
227,LRRK2,SerThr,SerThr
228,MAK,SerThr,SerThr
229,MAP3K1,SerThr,SerThr
230,MAP3K10,SerThr,SerThr
231,MAP3K11,SerThr,SerThr
232,MAP3K12,SerThr,SerThr
233,MAP3K13,SerThr,SerThr
234,MAP3K14,SerThr,SerThr
235,MAP3K15,SerThr,SerThr
236,MAP3K19,SerThr,SerThr
237,MAP3K2,SerThr,SerThr
238,MAP3K20,SerThr,SerThr
239,MAP3K21,SerThr,SerThr
240,MAP3K3,SerThr,SerThr
241,MAP3K4,SerThr,SerThr
242,MAP3K5,SerThr,SerThr
243,MAP3K6,SerThr,SerThr
244,MAP3K7,SerThr,SerThr
245,MAP3K8,SerThr,SerThr
246,MAP3K9,SerThr,SerThr
247,MAP4K1,SerThr,SerThr
248,MAP4K2,SerThr,SerThr
249,MAP4K3,SerThr,SerThr
250,MAP4K4,SerThr,SerThr
251,MAP4K5,SerThr,SerThr
252,MAPK1,SerThr,SerThr
253,MAPK10,SerThr,SerThr
254,MAPK11,SerThr,SerThr
255,MAPK12,SerThr,SerThr
256,MAPK13,SerThr,SerThr
257,MAPK14,SerThr,SerThr
258,MAPK15,SerThr,SerThr
259,MAPK3,SerThr,SerThr
260,MAPK4,SerThr,SerThr
261,MAPK6,SerThr,SerThr
262,MAPK7,SerThr,SerThr
263,MAPK8,SerThr,SerThr
264,MAPK9,SerThr,SerThr
265,MAPKAPK2,SerThr,SerThr
266,MAPKAPK3,SerThr,SerThr
267,MAPKAPK5,SerThr,SerThr
268,MARK1,SerThr,SerThr
269,MARK2,SerThr,SerThr
270,MARK3,SerThr,SerThr
271,MARK4,SerThr,SerThr
272,MASTL,SerThr,SerThr
273,MINK1,SerThr,SerThr
274,MKNK1,SerThr,SerThr
275,MKNK2,SerThr,SerThr
276,MOK,SerThr,SerThr
277,MOS,SerThr,SerThr
278,MST1,SerThr,SerThr
279,MTOR,SerThr,SerThr
280,MYLK,SerThr,SerThr
281,MYLK4,SerThr,SerThr
282,MYO3A,SerThr,SerThr
283,MYO3B,SerThr,SerThr
284,NEK10,SerThr,SerThr
285,NEK11,SerThr,SerThr
286,NEK2,SerThr,SerThr
287,NEK3,SerThr,SerThr
288,NEK4,SerThr,SerThr
289,NEK5,SerThr,SerThr
290,NEK6,SerThr,SerThr
291,NEK7,SerThr,SerThr
292,NEK8,SerThr,SerThr
293,NEK9,SerThr,SerThr
294,NIM1K,SerThr,SerThr
295,NLK,SerThr,SerThr
296,NRK,SerThr,SerThr
297,NUAK1,SerThr,SerThr
298,NUAK2,SerThr,SerThr
299,OSR1,SerThr,SerThr
300,OXSR1,SerThr,SerThr
301,PAK1,SerThr,SerThr
302,PAK2,SerThr,SerThr
303,PAK3,SerThr,SerThr
304,PAK4,SerThr,SerThr
305,PAK5,SerThr,SerThr
306,PAK6,SerThr,SerThr
307,PASK,SerThr,SerThr
308,PDK1,SerThr,SerThr
309,PDK2,SerThr,SerThr
310,PDK3,SerThr,SerThr
311,PDK4,SerThr,SerThr
312,PDPK1,SerThr,SerThr
313,PHKG1,SerThr,SerThr
314,PHKG2,SerThr,SerThr
315,PIM1,SerThr,SerThr
316,PIM2,SerThr,SerThr
317,PIM3,SerThr,SerThr
318,PINK1,SerThr,SerThr
319,PKN1,SerThr,SerThr
320,PKN2,SerThr,SerThr
321,PKN3,SerThr,SerThr
322,PLK1,SerThr,SerThr
323,PLK2,SerThr,SerThr
324,PLK3,SerThr,SerThr
325,PLK4,SerThr,SerThr
326,PNCK,SerThr,SerThr
327,PRKAA1,SerThr,SerThr
328,PRKAA2,SerThr,SerThr
329,PRKACA,SerThr,SerThr
330,PRKACB,SerThr,SerThr
331,PRKACG,SerThr,SerThr
332,PRKCA,SerThr,SerThr
333,PRKCB,SerThr,SerThr
334,PRKCE,SerThr,SerThr
335,PRKCG,SerThr,SerThr
336,PRKCH,SerThr,SerThr
337,PRKCI,SerThr,SerThr
338,PRKCQ,SerThr,SerThr
339,PRKCZ,SerThr,SerThr
340,PRKD1,SerThr,SerThr
341,PRKD2,SerThr,SerThr
342,PRKD3,SerThr,SerThr
343,PRKDC,SerThr,SerThr
344,PRKG1,SerThr,SerThr
345,PRKG2,SerThr,SerThr
346,PRKX,SerThr,SerThr
347,PRKY,SerThr,SerThr
348,PSKH2,SerThr,SerThr
349,RAF1,SerThr,SerThr
350,RIPK1,SerThr,SerThr
351,RIPK3,SerThr,SerThr
352,RIPK4,SerThr,SerThr
353,RNASEL,SerThr,SerThr
354,ROCK1,SerThr,SerThr
355,ROCK2,SerThr,SerThr
356,RPS6KA1,SerThr,SerThr
357,RPS6KA2,SerThr,SerThr
358,RPS6KA3,SerThr,SerThr
359,RPS6KA4,SerThr,SerThr
360,RPS6KA6,SerThr,SerThr
361,RPS6KB1,SerThr,SerThr
362,RPS6KB2,SerThr,SerThr
363,SGK1,SerThr,SerThr
364,SGK2,SerThr,SerThr
365,SGK3,SerThr,SerThr
366,SIK1,SerThr,SerThr
367,SIK2,SerThr,SerThr
368,SIK3,SerThr,SerThr
369,SLK,SerThr,SerThr
370,SMG1,SerThr,SerThr
371,SNRK,SerThr,SerThr
372,SRPK1,SerThr,SerThr
373,SRPK2,SerThr,SerThr
374,SRPK3,SerThr,SerThr
375,STK10,SerThr,SerThr
376,STK11,SerThr,SerThr
377,STK17A,SerThr,SerThr
378,STK17B,SerThr,SerThr
379,STK24,SerThr,SerThr
380,STK25,SerThr,SerThr
381,STK26,SerThr,SerThr
382,STK3,SerThr,SerThr
383,STK32B,SerThr,SerThr
384,STK32C,SerThr,SerThr
385,STK33,SerThr,SerThr
386,STK36,SerThr,SerThr
387,STK38,SerThr,SerThr
388,STK38L,SerThr,SerThr
389,STK39,SerThr,SerThr
390,STK4,SerThr,SerThr
391,STRADA,SerThr,SerThr
392,STRADB,SerThr,SerThr
393,TAOK1,SerThr,SerThr
394,TAOK2,SerThr,SerThr
395,TAOK3,SerThr,SerThr
396,TBK1,SerThr,SerThr
397,TGFBR1,SerThr,SerThr
398,TGFBR2,SerThr,SerThr
399,TLK1,SerThr,SerThr
400,TLK2,SerThr,SerThr
401,TNIK,SerThr,SerThr
402,TNNI3K,SerThr,SerThr
403,TP53RK,SerThr,SerThr
404,TRPM6,SerThr,SerThr
405,TRPM7,SerThr,SerThr
406,TSSK1B,SerThr,SerThr
407,TSSK2,SerThr,SerThr
408,TSSK6,SerThr,SerThr
409,TTBK2,SerThr,SerThr
410,UHMK1,SerThr,SerThr
411,ULK1,SerThr,SerThr
412,ULK2,SerThr,SerThr
413,ULK3,SerThr,SerThr
414,ULK4,SerThr,SerThr
415,VRK1,SerThr,SerThr
416,VRK2,SerThr,SerThr
417,VRK3,SerThr,SerThr
418,WNK1,SerThr,SerThr
419,WNK2,SerThr,SerThr
420,WNK3,SerThr,SerThr
421,WNK4,SerThr,SerThr
